Device,1 M,10 M,100M
GPU,0.058368 ms,0.596768 ms,6.133120 ms
CPU,5 ms,58 ms,613 ms
