Device,1 M,10 M,100M
GPU,0.049408 ms,0.684384 ms,6.011776 ms
